{"learner":{"attributes":{"scikit_learn":"{\"_estimator_type\": \"regressor\"}"},"feature_names":[],"feature_types":[],"gradient_booster":{"model":{"boosted_rounds":700,"weights":[2.4232294E-3,-1.4379541E-3,-1.7332485E-3,-8.445034E-5,5.421107E-3,-2.65015E-3,-2.1110857E-3,1.2375143E-3,-2.266655E-3,-7.5660826E-4,1.3060049E-3,-3.506615E-5,-5.662043E-3,-2.2981674E-4,-1.2747182E-4,-2.8911862E-4,-2.8446616E-4,-5.714439E-4,7.976192E-4,2.6334499E-3,-4.5078897E-4,2.1809165E-3,-7.1444733E-6,-4.630507E-6,-2.4549777E-4,-1.7518176E-4,2.309218E-3,-2.1833074E-4,-1.4052475E-3,1.3385487E-3,-1.9793557E-4,2.7385436E-4,9.2011195E-4,-1.0111277E-3,2.0419843E-3,2.6216192E-4,2.4416868E-4,1.4669212E-3,6.2326016E-4,-3.7205315E-4,-3.2977815E-4,1.7089266E-4,5.70955E-4,-1.5902797E-3,-1.6380966E-4,-9.818856E-4,-1.5161039E-3,-2.2874803E-4,1.8153366E-3,-3.8804224E-4,-1.20328994E-4,-5.114046E-4,1.2660322E-4,-1.8434327E-3,-1.1719879E-3,5.737734E-4,0E0,-2.5780476E-3,-2.1415001E-3,-1.4668471E-3,-1.0110189E-3,7.817265E-4,-4.8102377E-4,-8.0757396E-4,-4.3999997E-4,-2.212031E-3,-7.881618E-5,5.94856E-3,5.826864E-3,-2.9333247E-5,-3.2566572E-3,8.302253E-4,2.9745395E-3,-4.162558E-3,-1.1696737E-3,-1.9139814E-3,1.1825991E-3,-8.255951E-3,-3.3727984E-3,-4.2377025E-4,3.9393647E-4,-2.828518E-4,-1.4511759E-4,-2.796638E-4,-4.4749142E-4,-7.2753604E-4,-7.925261E-4,2.5220031E-3,3.4039986E-4,-2.7893141E-3,-2.6869436E-6,-2.0009331E-5,-5.31208E-4,-1.5531522E-3,5.6233765E-3,1.2448016E-3,1.6042225E-3,2.3066893E-3,-3.177196E-4,5.448919E-4,2.817841E-4,-5.077375E-4,1.2880542E-3,-1.5692831E-3,-2.7360262E-3,-6.4853695E-3,2.0516717E-3,1.6049972E-3,-5.7718984E-4,-3.0883914E-4,-1.4173964E-3,1.5757369E-3,-6.54348E-4,1.1249555E-3,-1.101485E-3,-1.1512908E-4,-9.475909E-3,-2.824511E-4,-3.5316116E-4,-6.3418027E-4,1.3078138E-4,8.575094E-4,4.4057568E-4,-1.0376425E-3,-2.027378E-5,1.0887611E-3,-8.403997E-3,7.802718E-4,-5.817045E-4,-2.3076292E-3,2.8444588E-4,-3.380666E-4,-1.0784608E-4,2.982574E-5,-6.829448E-5,2.475501E-3,3.9422163E-3,-4.8929946E-3,-5.296677E-5,-5.607769E-4,8.022184E-3,1.5697163E-3,1.0363356E-4,2.422761E-3,-2.524862E-3,-9.0670894E-4,1.8671814E-4,-2.4608206E-3,2.8032935E-3,-1.6578245E-4,-3.1696158E-4,-2.5255303E-4,-3.0713098E-4,-5.560144E-4,2.0259554E-3,1.9256398E-3,1.4379573E-4,1.769468E-3,1.17272495E-4,-1.00810124E-4,-2.6065347E-4,-1.2961484E-4,-2.3609842E-3,9.312138E-4,2.177002E-3,1.9117718E-3,-1.8410095E-4,3.138839E-4,-1.0324774E-3,5.613636E-4,2.4636139E-3,-6.250655E-5,-2.6847308E-3,8.84248E-4,9.195925E-4,6.550878E-4,-3.5736008E-4,-2.3386307E-4,-1.5143571E-4,-7.5892487E-4,-1.6409518E-4,-9.012458E-4,-1.7624618E-4,-8.766311E-5,-5.0040823E-3,-6.465958E-5,-2.699271E-4,-3.3506693E-4,-1.8884183E-4,4.507232E-5,1.134957E-4,8.7399327E-4,5.6039666E-5,-8.124125E-4,-4.2344593E-3,-1.7499034E-3,-6.113848E-4,2.5989914E-3,2.8183314E-5,1.4480726E-3,-6.130351E-5,-1.6431338E-3,-1.3271155E-4,-3.757689E-3,3.374412E-3,-1.6912225E-3,-3.9145336E-3,1.2552685E-3,1.0090321E-2,-2.8274143E-3,6.1365566E-4,1.951993E-3,-2.259981E-3,1.4426365E-3,-9.53944E-4,-1.8108925E-3,-4.3579536E-3,-3.1841957E-4,-4.051268E-4,-3.64482E-4,-6.2647095E-4,-9.903153E-4,-8.793248E-4,-4.6501383E-3,1.4946286E-3,-8.866484E-4,-1.18998905E-5,4.3320865E-6,-4.12324E-4,-7.913354E-5,-2.061425E-3,7.581159E-4,1.4313877E-3,-7.6754857E-4,-4.225869E-4,2.1415912E-4,-1.046919E-3,-1.9670883E-3,1.0268157E-3,-1.0149115E-4,4.645757E-4,2.120456E-3,-1.3409762E-3,2.612202E-4,-3.8490992E-4,-7.115964E-4,-1.2930192E-3,-5.3448713E-4,-1.9019507E-6,-2.5436983E-3,-7.564424E-4,-6.28544E-4,-1.9100684E-3,-7.956178E-4,-1.2808559E-3,-2.0734111E-3,-2.067525E-4,3.1414012E-5,-4.362482E-4,-1.3998602E-4,8.665644E-6,-6.61745E-4,-2.179038E-3,-5.134253E-3,-7.025559E-4,1.7083274E-3,7.888305E-5,2.855092E-4,-7.144604E-4,-1.5400264E-3,1.2671729E-4,9.519629E-4,4.1818046E-3,-4.0247374E-5,-2.829995E-3,-8.798925E-4,5.715953E-3,-1.4726084E-3,9.213926E-4,-1.534472E-3,-1.6634604E-3,-1.7914366E-3,-3.3464602E-3,-9.052509E-4,-1.11691E-3,7.847913E-5,-3.94851E-4,-8.678456E-6,1.1073979E-4,1.0399166E-4,1.2316756E-3,4.4647465E-3,5.1731174E-4,-3.490365E-3,1.5625115E-5,8.790674E-6,-3.207508E-4,-1.8862482E-4,2.0885998E-3,1.7968357E-3,1.6077536E-3,-3.1645042E-5,1.967469E-5,-6.351062E-4,-5.8213057E-4,-1.626555E-3,2.1445896E-3,-1.5503203E-3,-4.0449942E-3,1.8591301E-4,1.8756673E-3,1.4917057E-3,4.3449698E-5,5.631291E-4,-2.2786485E-4,1.0014016E-3,-3.1307075E-4,3.2769153E-3,-4.1141378E-4,-4.059988E-6,-1.110991E-3,-3.578547E-5,-3.7550384E-5,-7.913191E-5,6.837215E-4,4.0497482E-4,2.286553E-4,-8.272908E-4,-1.5206615E-5,-2.0664907E-3,-1.0768158E-3,6.3073765E-3,-1.7253953E-4,4.327309E-3,2.658712E-4,-2.6547184E-4,4.23034E-5,-2.178166E-3,-6.95653E-5,5.075805E-3,8.775778E-4,-2.2897788E-3,-1.463385E-3,-2.723301E-4,6.317324E-3,-7.16782E-4,-1.450503E-3,1.3779498E-3,-2.631333E-3,6.6513976E-4,1.4470161E-3,-3.6656632E-4,-2.3358713E-3,-3.238354E-4,-3.9840408E-4,-1.532098E-4,-5.0903193E-4,-6.601084E-4,1.1532925E-3,1.4092843E-3,-5.976711E-4,6.945589E-3,7.8487996E-5,-1.3561915E-4,-2.2806888E-4,4.0379362E-4,3.5841572E-3,2.2496935E-3,7.093908E-5,1.5638715E-3,-3.8438034E-4,-1.6667015E-3,-3.4536736E-4,-1.947098E-4,2.0003617E-3,2.0495031E-3,-4.3233437E-3,3.0387766E-3,-4.234633E-4,1.14841E-3,8.7904E-5,-7.0241214E-5,-9.031543E-4,9.5227436E-4,7.152155E-4,1.677447E-4,8.8741275E-4,-2.167279E-4,-2.1838257E-3,-9.2347946E-5,-1.2660073E-4,-2.2015619E-4,2.691634E-4,2.3461418E-4,4.3321044E-5,-2.069614E-4,-8.966274E-6,-1.8020909E-3,-1.730372E-4,1.306291E-3,-1.6157274E-3,2.5992193E-3,-2.6516806E-4,4.4067734E-4,-2.9113868E-4,-5.1241945E-3,-3.5746314E-5,3.421279E-3,2.4803206E-3,1.1462632E-3,-1.8783545E-3,6.3593243E-4,6.28434E-3,1.9953537E-3,-1.5975122E-3,3.0083272E-3,-1.373801E-3,-3.572364E-3,-6.2804675E-4,-3.1711005E-3,1.5790774E-3,1.2076305E-4,-5.240532E-4,1.1489741E-4,3.3219787E-4,4.50958E-4,2.705682E-3,-6.6170655E-4,1.9871921E-4,1.8512084E-3,5.0784955E-5,3.9995935E-5,-1.8397377E-4,8.0131757E-4,2.197906E-3,8.66499E-4,1.7427979E-3,-7.082426E-4,1.5399832E-5,-3.318782E-4,5.518914E-4,-4.886258E-4,2.0825304E-3,8.785112E-5,3.1219635E-3,-2.216824E-3,-1.444718E-3,-2.532582E-4,-3.4732022E-4,6.2769564E-4,-6.886838E-4,-1.9347388E-4,3.6312616E-4,-1.5562608E-4,-1.0540361E-3,1.6104152E-4,5.622217E-4,9.6977856E-5,2.2878496E-4,3.1926396E-4,6.7346543E-4,7.386898E-4,-1.2728144E-4,3.9790882E-4,5.047946E-5,2.1364093E-3,-1.3804806E-3,6.1801943E-4,-1.1378394E-3,1.9473511E-3,4.7338646E-4,-7.275674E-4,3.0385147E-6,1.4920819E-3,1.3853885E-4,3.0628714E-4,4.216519E-3,-5.5306364E-4,-2.7771837E-3,-3.8913195E-4,4.0154243E-3,5.034069E-3,-2.4636248E-3,-6.3029653E-4,4.0387642E-4,-7.188637E-3,2.1504923E-3,-1.5932152E-3,5.066928E-3,1.14821894E-4,-4.8470226E-4,1.6310142E-4,7.6882956E-5,2.419094E-4,1.5945453E-3,1.906243E-3,7.2593737E-4,-2.5282106E-3,-4.5094017E-5,-8.161494E-6,-1.5676892E-4,-5.744909E-4,1.5360999E-4,4.2209243E-3,2.0346562E-3,2.0531325E-3,6.8888E-5,6.013692E-4,-5.070681E-4,-1.7597648E-6,2.734882E-3,-1.3375372E-3,-1.1271297E-3,-2.599934E-3,2.301228E-3,-4.7860784E-4,5.1412877E-4,-3.38168E-5,1.7839646E-3,1.082343E-3,6.5479934E-4,2.8113945E-4,1.0213115E-3,-2.911814E-4,-1.6028733E-3,-1.1183233E-4,-5.37653E-4,-6.5321516E-4,3.100063E-4,-3.461936E-5,1.5940252E-4,6.5651175E-4,-1.1028162E-6,2.5363508E-4,6.31339E-4,7.760465E-4,9.48571E-4,8.22199E-4,3.7553156E-4,-1.1669426E-4,-4.055777E-5,-5.9770263E-4,-4.8442824E-5,-5.0192666E-3,7.1141687E-3,-1.9445468E-3,-1.4849788E-3,4.374664E-3,8.873199E-3,3.7652787E-3,6.8162027E-4,4.7367593E-4,2.0285149E-3,-5.1147193E-3,-1.9624688E-4,-7.940153E-3,-8.3454076E-4,-5.4108335E-7,-4.205578E-4,-4.5765337E-5,7.67819E-5,3.4191464E-5,6.3704624E-4,3.6289443E-3,6.8681E-4,-1.9743072E-3,1.2583048E-4,-1.4736409E-4,-2.5378886E-4,-1.7946004E-3,-4.0925882E-4,1.3597428E-3,2.1444266E-3,-1.048571E-3,7.946733E-5,1.2371779E-3,-8.717249E-5,1.5889054E-4,3.4620448E-3,-2.0924916E-4,2.608869E-4,3.1493597E-3,2.4017794E-3,7.878891E-4,-2.3886056E-5,3.875121E-4,-9.302247E-4,-1.259864E-3,-1.7935551E-4,1.6803716E-3,4.670654E-4,1.5439879E-4,3.1182095E-3,1.4030359E-4,6.774468E-5,2.0368159E-4,