{"learner":{"attributes":{"scikit_learn":"{\"_estimator_type\": \"regressor\"}"},"feature_names":[],"feature_types":[],"gradient_booster":{"model":{"boosted_rounds":500,"weights":[2.4207302E-3,-7.7761867E-4,-1.0004434E-3,-9.7301276E-4,4.3081436E-3,-2.9696005E-3,-2.2178143E-3,3.621012E-3,-1.6332199E-3,-2.255048E-3,6.622667E-5,-7.809095E-4,-3.2391483E-3,-1.2255592E-4,-2.029686E-4,-1.4105675E-4,-2.4451312E-5,-1.6396916E-4,9.1691886E-4,2.8657115E-3,-4.6256348E-5,3.2218732E-4,-1.5374953E-5,-7.1883415E-9,-1.5537308E-4,8.892358E-5,1.7966001E-3,1.6575537E-4,1.3377882E-3,1.2850492E-3,-1.1510541E-4,1.3389898E-3,-6.249309E-4,1.4464966E-4,2.9385816E-3,1.2279374E-3,1.5200535E-4,-1.2265472E-3,8.845407E-4,2.0148608E-4,1.2850098E-5,8.139732E-5,4.3534537E-4,-2.2609157E-3,-4.808702E-4,-1.1140238E-3,-3.6667977E-4,-1.4591882E-4,-1.9599032E-3,-2.4647682E-4,-1.0815476E-6,-2.4736783E-4,-1.6073896E-4,2.9532958E-4,3.3814664E-5,-3.7539783E-5,0E0,-7.20984E-5,-3.424755E-3,-5.215236E-4,-5.075253E-4,5.265953E-3,-1.2180098E-4,3.2682353E-4,-2.4860955E-4,-9.4983034E-4,-1.6026857E-4,3.1554345E-3,-8.607331E-5,-6.577618E-4,1.2809616E-3,1.452968E-4,-4.747576E-4,5.0005014E-4,-3.713032E-4,-1.9357713E-4,1.18720054E-4,5.570907E-4,5.2736455E-4,5.831862E-4,-4.7983715E-4,-8.2781025E-6,9.4473406E-5,1.2486943E-3,1.2769037E-3,1.4825908E-3,9.405076E-5,1.12865755E-5,2.6864867E-4,1.14781615E-5,2.526353E-3,-1.1200709E-3,-1.8162243E-3,4.9229787E-4,2.2714604E-3,-6.3016365E-4,-8.8063156E-4,-6.355926E-4,1.555554E-3,-1.4603321E-3,-1.4190703E-3,-1.4799181E-3,-1.9039486E-3,-2.1839514E-4,-1.538492E-4,-2.198452E-4,-4.5062727E-4,-6.70074E-4,-8.064487E-4,3.668621E-3,7.736259E-4,-3.9962763E-3,-1.746475E-5,8.2258775E-6,-1.4181675E-4,-6.1895984E-4,2.2790104E-3,3.4655235E-4,9.165873E-4,4.7988698E-4,-2.602995E-4,6.398225E-4,4.2397392E-4,-4.4002052E-4,1.843558E-3,-7.563488E-4,-1.5473544E-3,-3.075956E-3,3.9970423E-3,1.0024917E-3,-4.703217E-4,-2.5928448E-6,-1.3836114E-3,2.638507E-3,-2.1172041E-4,6.0836325E-4,-1.1481097E-3,-1.02809005E-4,-5.05347E-3,-1.3909636E-4,-2.4506776E-4,-3.8612026E-4,-1.2550014E-5,8.7297714E-4,6.111964E-4,-6.06249E-4,6.27956E-6,-9.813396E-5,-3.1632362E-3,8.61767E-4,1.6761369E-4,-1.3326247E-3,4.8446305E-5,-7.682804E-5,-8.734933E-5,-1.833452E-3,-1.5587245E-4,1.1076026E-3,-4.1152816E-4,2.8768682E-3,1.0245964E-3,-5.8053E-4,2.7762318E-4,-4.9364466E-5,-1.960751E-3,-4.8093856E-4,-4.2595188E-5,-6.487794E-4,4.626796E-5,1.2710937E-3,3.9320052E-4,6.9669086E-6,-2.161227E-3,9.111895E-4,-8.1802916E-4,9.037673E-4,6.5909995E-4,1.9282462E-4,-1.8933977E-4,8.779888E-5,2.4893763E-3,-3.4727203E-3,5.305334E-4,-1.6448127E-4,3.998787E-3,1.5119327E-3,-2.0037682E-3,7.177449E-4,-1.268267E-3,-6.105941E-4,-2.4665948E-3,-2.0486678E-3,-2.0596762E-3,-8.354285E-6,-2.6497594E-4,1.2367787E-5,4.057915E-5,5.313654E-5,-7.25455E-4,-1.7641352E-3,-7.877398E-5,3.7281932E-3,1.0686321E-4,-1.4694602E-5,-1.5748647E-4,-5.101926E-4,3.9687587E-4,7.7809795E-4,2.2323274E-3,2.8903645E-3,-1.3214668E-5,4.162905E-4,-6.6127756E-4,6.925338E-4,2.5212287E-3,7.1110565E-4,-6.629492E-4,-5.7433156E-4,1.8647476E-3,1.8818867E-4,2.6940886E-6,6.87443E-4,9.066486E-4,6.294543E-4,2.5849478E-4,-2.387436E-3,-9.7532815E-4,-9.7201075E-5,-3.5780685E-3,-6.818041E-5,-1.4068035E-4,-2.1091677E-4,-5.140721E-4,-5.6927325E-5,2.4223501E-4,1.9489016E-3,1.14725135E-5,-8.789808E-4,-3.8006075E-3,-7.9658546E-4,8.5824926E-5,2.12998E-3,2.2196728E-4,8.4960554E-4,-1.4014935E-4,-1.3433591E-3,-8.464653E-5,-1.6443427E-3,-1.2159457E-3,-1.1558407E-3,-1.8352943E-3,-4.6501032E-4,2.3753292E-4,7.222983E-5,1.6401973E-4,8.492766E-4,-1.2128239E-4,-1.803261E-4,3.746945E-4,-3.1454477E-3,-3.2901712E-4,4.64723E-5,-5.5321474E-5,-1.6792835E-3,6.551747E-5,8.532888E-4,6.7546795E-4,2.5978146E-4,-8.7270506E-5,2.6389396E-5,1.3950473E-3,5.702348E-5,-2.2055479E-3,6.120924E-4,4.6540922E-3,-3.4917814E-3,3.1121768E-4,3.451454E-3,-1.4555481E-3,-4.0972678E-5,-6.9760694E-4,-1.0556051E-3,-2.9319779E-3,-8.325254E-5,-2.8700373E-4,-7.146939E-5,-2.6003364E-4,-3.3270102E-4,-1.7902881E-3,-2.1484669E-3,3.896066E-4,-1.5632471E-3,1.1656357E-5,-3.797217E-5,-1.7197944E-4,2.2437368E-4,-2.1277501E-5,1.3320083E-4,2.1467805E-3,4.533792E-5,-1.14612594E-4,7.719892E-4,-6.3678384E-4,1.5597136E-4,2.244818E-3,-1.4275117E-3,1.0617969E-3,-1.6971979E-3,-1.5127754E-3,1.8692705E-3,-1.9569976E-4,-6.5195374E-4,1.561621E-3,-5.6520792E-5,-3.615059E-5,-2.9109374E-3,-1.3608459E-4,-3.6090292E-4,-1.7540547E-3,-4.8438317E-4,-6.4922683E-4,-1.1313682E-3,-5.2864244E-4,-3.0671645E-4,-3.7074767E-4,-5.5811775E-4,2.0306585E-5,-2.1516046E-4,-1.6751919E-3,-3.3534223E-3,1.0280164E-4,3.0496002E-3,3.477455E-5,-4.2947036E-6,-3.8429673E-4,1.1033876E-3,1.0659476E-4,5.840778E-4,2.300674E-4,6.316751E-4,1.7344515E-4,3.6832475E-4,5.282804E-5,2.883232E-4,-3.3337343E-3,7.417158E-5,-8.043822E-5,2.0960653E-3,3.238068E-4,-6.5510126E-4,1.4356674E-4,1.868004E-5,-7.1326515E-4,-4.1236862E-4,3.3030573E-3,1.0334615E-3,1.1515586E-3,3.9382354E-5,1.9239445E-4,5.159173E-6,1.3735088E-3,-4.9504393E-4,-9.858615E-4,-1.2814517E-3,4.4904663E-3,-3.8902133E-4,-2.3702606E-4,5.7201437E-4,-6.29294E-4,5.068366E-5,-1.1918596E-3,-1.236252E-3,1.3434796E-3,3.4781282E-5,-2.819017E-4,-3.5932007E-5,-8.800159E-6,-4.0462815E-5,-2.3275262E-4,1.536753E-4,-3.014244E-5,-3.028441E-3,2.0253894E-5,-5.4527395E-6,-7.128971E-5,1.6564953E-4,1.4070187E-3,9.112643E-4,1.8255559E-3,-3.9136474E-4,6.71593E-5,8.1286195E-4,-3.9653838E-4,-1.1512823E-3,1.0476436E-3,-2.207405E-4,-2.902015E-3,2.5619746E-3,3.50426E-3,8.467779E-4,-6.2969874E-4,1.0437903E-3,-3.778004E-4,-7.020128E-4,4.380075E-5,-3.143588E-5,-8.4957155E-6,-2.389855E-4,-1.5897336E-3,-1.9849754E-4,-4.1587782E-4,-6.1004556E-4,7.0133264E-4,3.6986134E-4,1.3837275E-4,-1.606552E-3,1.0128689E-5,-3.1643547E-4,-1.3998143E-3,2.6133438E-3,2.7020276E-4,3.176384E-3,1.061489E-4,6.7700475E-4,-3.0529057E-4,-2.5141654E-3,-7.5372256E-5,5.473273E-3,8.157645E-4,9.6784625E-4,1.6522472E-3,-5.4360076E-4,-6.677001E-5,4.2710136E-4,-1.0763793E-3,-4.6726524E-5,1.2424482E-4,1.6201177E-4,1.8510749E-4,1.5706999E-3,8.152867E-5,-1.4100118E-5,-1.4189451E-3,1.7999214E-3,7.5239723E-4,3.137023E-4,-1.6185748E-4,1.3638467E-5,1.4323674E-4,1.1755432E-6,1.3898574E-3,-1.1081295E-3,-1.4849394E-3,-1.7495177E-4,6.0350257E-3,1.5981853E-3,-1.1007718E-3,1.6781595E-3,-6.7694904E-4,-2.1533836E-3,-1.3866292E-3,2.068269E-4,-1.0022224E-3,-6.127675E-5,-1.561563E-4,9.212808E-5,7.036888E-5,1.6395093E-4,-5.8826845E-4,-2.8494974E-3,-7.615168E-4,4.349535E-3,5.4956E-5,-1.0816863E-4,-2.6726682E-4,3.427241E-4,2.8332197E-3,4.1916457E-4,-1.8428483E-4,1.9816445E-4,-1.4693783E-4,-1.4195067E-3,1.8839355E-4,6.330979E-4,1.819969E-3,4.068283E-6,-1.5502432E-3,1.7302359E-3,1.2848174E-3,6.5909163E-4,3.4540196E-4,-1.4683526E-4,-1.7110528E-3,7.274484E-4,2.8014526E-4,-3.981023E-4,-2.0141932E-4,-3.762778E-4,-2.709112E-3,-3.0786902E-4,-4.0709268E-4,-7.11957E-4,8.925186E-5,-5.1403025E-5,-1.1300254E-4,2.4924998E-4,-4.572885E-5,-4.7423327E-4,-1.2312947E-3,4.7304764E-4,1.9101421E-3,1.7388484E-3,-1.768302E-4,9.5502735E-4,-4.7291396E-4,-3.0631812E-3,-2.6743493E-5,2.121385E-3,-9.691204E-5,-8.4974436E-4,-6.4899214E-4,-4.9605477E-4,-1.7197791E-4,-1.1693446E-5,3.7182766E-5,1.38275E-4,8.5500316E-5,1.6463355E-3,-3.2654582E-4,2.9944498E-4,-1.9525811E-4,1.925934E-5,-3.451162E-4,2.7825467E-5,7.646372E-4,-2.1257707E-5,7.2557514E-4,1.3321037E-4,-2.0909015E-4,3.707687E-5,1.9316041E-3,3.8828488E-4,-9.3157263E-4,7.9624495E-4,2.8963394E-3,2.2037435E-4,-1.906051E-3,3.826805E-3,-1.1808545E-3,-9.177247E-4,-1.5949995E-3,-1.3530068E-3,5.3707525E-5,1.9604275E-4,-1.4915531E-4,2.4896246E-4,3.776499E-4,6.2767847E-4,5.348572E-4,-1.1656368E-3,3.4800475E-4,2.074172E-3,8.501398E-5,1.3505502E-5,-1.17338E-4,1.9626829E-4,5.3899228E-5,7.0406514E-4,1.939043E-3,-3.671042E-5,1.419599E-4,1.8562314E-4,2.9379583E-4,-4.6789902E-4,1.7204692E-3,-1.1453715E-3,-1.0262702E-3,-3.06605E-3,9.6794654E-4,1.1249305E-3,-1.5275319E-4,-2.3991847E-4,1.774071E-3,-2.1237376E-5,2.5418301E-5,7.787768E-4,-2.0869155E-4,2.2108479E-4,-1.7149042E-3,2.5863302E-4,2.5727475E-4,5.2492943E-4,3.9137696E-4,